date,symbol,amount
2021-01-04,002450.SZ,0.0
2021-01-05,002450.SZ,0.0
2021-01-06,002450.SZ,0.0
2021-01-07,002450.SZ,0.0
2021-01-08,002450.SZ,0.0
2021-01-11,002450.SZ,0.0
2021-01-12,002450.SZ,0.0
2021-01-13,002450.SZ,0.0
2021-01-14,002450.SZ,0.0
2021-01-15,002450.SZ,0.0
2021-01-18,002450.SZ,0.0
2021-01-19,002450.SZ,0.0
2021-01-20,002450.SZ,0.0
2021-01-21,002450.SZ,0.0
2021-01-22,002450.SZ,0.0
2021-01-25,002450.SZ,0.0
2021-01-26,002450.SZ,0.0
2021-01-27,002450.SZ,0.0
2021-01-28,002450.SZ,0.0
2021-01-29,002450.SZ,0.0
2021-02-01,002450.SZ,0.0
2021-02-02,002450.SZ,0.0
2021-02-03,002450.SZ,0.0
2021-02-04,002450.SZ,0.0
2021-02-05,002450.SZ,0.0
2021-02-08,002450.SZ,0.0
2021-02-09,002450.SZ,0.0
2021-02-10,002450.SZ,0.0
2021-02-18,002450.SZ,0.0
2021-02-19,002450.SZ,0.0
2021-02-22,002450.SZ,0.0
2021-02-23,002450.SZ,0.0
2021-02-24,002450.SZ,0.0
2021-02-25,002450.SZ,0.0
2021-02-26,002450.SZ,0.0
2021-03-01,002450.SZ,0.0
2021-03-02,002450.SZ,0.0
2021-03-03,002450.SZ,0.0
2021-03-04,002450.SZ,0.0
2021-03-05,002450.SZ,0.0
2021-03-08,002450.SZ,0.0
2021-03-09,002450.SZ,0.0
2021-03-10,002450.SZ,0.0
2021-03-11,002450.SZ,0.0
2021-03-12,002450.SZ,0.0
2021-03-15,002450.SZ,0.0
2021-03-16,002450.SZ,0.0
2021-03-17,002450.SZ,0.0
2021-03-18,002450.SZ,0.0
2021-03-19,002450.SZ,0.0
2021-03-22,002450.SZ,0.0
2021-03-23,002450.SZ,0.0
2021-03-24,002450.SZ,0.0
2021-03-25,002450.SZ,0.0
2021-03-26,002450.SZ,0.0
2021-03-29,002450.SZ,0.0
2021-03-30,002450.SZ,0.0
2021-03-31,002450.SZ,0.0
2021-04-01,002450.SZ,0.0
2021-04-02,002450.SZ,0.0
2021-04-06,002450.SZ,0.0
2021-04-07,002450.SZ,0.0
2021-04-08,002450.SZ,0.0
2021-04-09,002450.SZ,0.0
2021-04-12,002450.SZ,0.0
2021-04-13,002450.SZ,0.0
2021-08-11,600068.SH,0.0
2021-09-02,600068.SH,0.0
2021-09-03,600068.SH,0.0
2021-09-06,600068.SH,0.0
2021-09-07,600068.SH,0.0
2021-09-08,600068.SH,0.0
2021-09-09,600068.SH,0.0
2021-09-10,600068.SH,0.0
2021-09-13,600068.SH,0.0
2022-04-28,600804.SH,0.0
2022-05-05,002411.SZ,0.0
2022-05-06,002411.SZ,0.0
2022-05-09,002411.SZ,0.0
2022-05-10,002411.SZ,0.0
2022-05-11,002411.SZ,0.0
2022-05-12,002411.SZ,0.0
2022-05-13,002411.SZ,0.0
2022-05-16,002411.SZ,0.0
2022-05-17,002411.SZ,0.0
2022-05-18,002411.SZ,0.0
2022-05-19,002411.SZ,0.0
2022-05-20,002411.SZ,0.0
2022-05-23,002411.SZ,0.0
2022-05-24,002411.SZ,0.0
2022-05-25,002411.SZ,0.0
2022-05-26,002411.SZ,0.0
2022-05-27,002411.SZ,0.0
2022-05-30,002411.SZ,0.0
2022-05-31,002411.SZ,0.0
2022-06-01,002411.SZ,0.0
2022-06-02,002411.SZ,0.0
2022-06-06,002411.SZ,0.0
2022-06-07,002411.SZ,0.0
2022-06-08,002411.SZ,0.0
2022-06-09,002411.SZ,0.0
2022-06-10,002411.SZ,0.0
2022-06-13,002411.SZ,0.0
2022-06-14,002411.SZ,0.0
2022-06-15,002411.SZ,0.0
2022-06-16,002411.SZ,0.0
2022-06-17,002411.SZ,0.0
2022-06-20,002411.SZ,0.0
2022-06-21,002411.SZ,0.0
2022-06-22,002411.SZ,0.0
2022-06-23,002411.SZ,0.0
2022-06-24,002411.SZ,0.0
2022-06-27,002411.SZ,0.0
2022-06-28,002411.SZ,0.0
2022-06-29,002411.SZ,0.0
2022-06-30,002411.SZ,0.0
2023-05-04,000540.SZ,0.0
2023-05-04,000671.SZ,0.0
2023-05-04,002411.SZ,0.0
2023-05-05,002411.SZ,0.0
2023-05-08,002411.SZ,0.0
2023-05-09,002411.SZ,0.0
2023-05-10,002411.SZ,0.0
2023-05-11,002411.SZ,0.0
2023-05-12,002411.SZ,0.0
2023-05-15,002411.SZ,0.0
2023-05-16,002411.SZ,0.0
2023-05-17,002411.SZ,0.0
2023-05-18,002411.SZ,0.0
2023-05-19,000540.SZ,0.0
2023-05-19,002411.SZ,0.0
2023-05-22,000540.SZ,0.0
2023-05-22,002411.SZ,0.0
2023-05-23,000540.SZ,0.0
2023-05-23,002411.SZ,0.0
2023-05-24,000540.SZ,0.0
2023-05-24,002411.SZ,0.0
2023-05-25,000540.SZ,0.0
2023-05-25,002411.SZ,0.0
2023-05-26,000540.SZ,0.0
2023-05-26,002411.SZ,0.0
2023-05-29,000540.SZ,0.0
2023-05-29,002411.SZ,0.0
2023-05-30,000540.SZ,0.0
2023-05-30,002411.SZ,0.0
2023-05-31,000540.SZ,0.0
2023-05-31,002411.SZ,0.0
2023-06-01,000540.SZ,0.0
2023-06-01,002411.SZ,0.0
2023-06-02,000540.SZ,0.0
2023-06-02,002411.SZ,0.0
2023-06-05,000540.SZ,0.0
2023-06-05,002411.SZ,0.0
2023-06-06,000540.SZ,0.0
2023-06-06,002411.SZ,0.0
2023-06-07,000540.SZ,0.0
2023-06-07,002411.SZ,0.0
2023-06-08,000540.SZ,0.0
2023-06-08,002411.SZ,0.0
2023-06-09,000540.SZ,0.0
2023-06-09,002411.SZ,0.0
2023-06-12,000540.SZ,0.0
2023-06-12,000671.SZ,0.0
2023-06-12,002411.SZ,0.0
2023-06-13,000540.SZ,0.0
2023-06-13,000671.SZ,0.0
2023-06-13,002411.SZ,0.0
2023-06-14,000540.SZ,0.0
2023-06-14,000671.SZ,0.0
2023-06-14,002411.SZ,0.0
2023-06-15,000540.SZ,0.0
2023-06-15,000671.SZ,0.0
2023-06-15,002411.SZ,0.0
2023-06-16,000540.SZ,0.0
2023-06-16,000671.SZ,0.0
2023-06-16,002411.SZ,0.0
2023-06-19,000540.SZ,0.0
2023-06-19,000671.SZ,0.0
2023-06-20,000540.SZ,0.0
2023-06-20,000671.SZ,0.0
2023-06-21,000540.SZ,0.0
2023-06-21,000671.SZ,0.0
2023-06-26,000540.SZ,0.0
2023-06-26,000671.SZ,0.0
2023-06-27,000540.SZ,0.0
2023-06-27,000671.SZ,0.0
2023-06-28,000540.SZ,0.0
2023-06-28,000671.SZ,0.0
2023-06-29,000540.SZ,0.0
2023-06-29,000671.SZ,0.0
2023-06-30,000671.SZ,0.0
2023-07-03,000671.SZ,0.0
2023-07-04,000671.SZ,0.0
2023-07-05,000671.SZ,0.0
2023-07-06,000671.SZ,0.0
2023-07-07,000671.SZ,0.0
2023-07-10,000671.SZ,0.0
2023-07-11,000671.SZ,0.0
2023-07-12,000671.SZ,0.0
2023-07-13,000671.SZ,0.0
2023-07-14,000671.SZ,0.0
2023-07-17,000671.SZ,0.0
2023-07-18,000671.SZ,0.0
2023-07-19,000671.SZ,0.0
2023-07-20,000671.SZ,0.0
2023-07-21,000671.SZ,0.0
2023-07-24,000671.SZ,0.0
2023-07-25,000671.SZ,0.0
2023-07-26,000671.SZ,0.0
2023-07-27,000671.SZ,0.0
2023-07-28,000671.SZ,0.0
2023-07-31,000671.SZ,0.0
2023-08-01,000671.SZ,0.0
2023-08-02,000671.SZ,0.0
2023-08-03,000671.SZ,0.0
2023-08-04,000671.SZ,0.0
2023-08-07,000671.SZ,0.0
2023-08-08,000671.SZ,0.0
2023-08-09,000671.SZ,0.0
2023-08-10,000671.SZ,0.0
2023-08-11,000671.SZ,0.0
2023-08-14,000671.SZ,0.0
2023-08-15,000671.SZ,0.0
2024-04-23,000961.SZ,0.0
2024-04-30,600804.SH,0.0
2024-05-06,000413.SZ,0.0
2024-05-07,000413.SZ,0.0
2024-05-08,000413.SZ,0.0
2024-05-09,000413.SZ,0.0
2024-05-09,000961.SZ,0.0
2024-05-10,000413.SZ,0.0
2024-05-10,000961.SZ,0.0
2024-05-13,000413.SZ,0.0
2024-05-13,000961.SZ,0.0
2024-05-14,000413.SZ,0.0
2024-05-14,000961.SZ,0.0
2024-05-15,000413.SZ,0.0
2024-05-15,000961.SZ,0.0
2024-05-16,000413.SZ,0.0
2024-05-16,000961.SZ,0.0
2024-05-17,000413.SZ,0.0
2024-05-17,000961.SZ,0.0
2024-05-20,000413.SZ,0.0
2024-05-20,000961.SZ,0.0
2024-05-21,000413.SZ,0.0
2024-05-21,000961.SZ,0.0
2024-05-22,000413.SZ,0.0
2024-05-22,000961.SZ,0.0
2024-05-23,000413.SZ,0.0
2024-05-23,000961.SZ,0.0
2024-05-24,000413.SZ,0.0
2024-05-24,000961.SZ,0.0
2024-05-27,000413.SZ,0.0
2024-05-27,000961.SZ,0.0
2024-05-28,000413.SZ,0.0
2024-05-28,000961.SZ,0.0
2024-05-29,000413.SZ,0.0
2024-05-29,000961.SZ,0.0
2024-05-30,000413.SZ,0.0
2024-05-30,000961.SZ,0.0
2024-05-31,000413.SZ,0.0
2024-05-31,000961.SZ,0.0
2024-06-03,000413.SZ,0.0
2024-06-03,000961.SZ,0.0
2024-06-04,000413.SZ,0.0
2024-06-04,000961.SZ,0.0
2024-06-05,000413.SZ,0.0
2024-06-05,000961.SZ,0.0
2024-06-06,000413.SZ,0.0
2024-06-06,000961.SZ,0.0
2024-06-07,000413.SZ,0.0
2024-06-07,000961.SZ,0.0
2024-06-11,000413.SZ,0.0
2024-06-11,000961.SZ,0.0
2024-06-12,000413.SZ,0.0
2024-06-12,000961.SZ,0.0
2024-06-13,000413.SZ,0.0
2024-06-13,000961.SZ,0.0
2024-06-14,000413.SZ,0.0
2024-06-14,000961.SZ,0.0
2024-06-17,000413.SZ,0.0
2024-06-17,000961.SZ,0.0
2024-06-18,000413.SZ,0.0
2024-06-18,000961.SZ,0.0
2024-06-19,000413.SZ,0.0
2024-06-19,000961.SZ,0.0
2024-06-20,000413.SZ,0.0
2024-06-20,000961.SZ,0.0
2024-06-21,000413.SZ,0.0
2024-06-21,000961.SZ,0.0
2024-06-24,000413.SZ,0.0
2024-06-24,000961.SZ,0.0
2024-06-25,000413.SZ,0.0
2024-06-25,000961.SZ,0.0
2024-06-26,000413.SZ,0.0
2024-06-26,000961.SZ,0.0
2024-06-27,000413.SZ,0.0
2024-06-27,000961.SZ,0.0
2024-06-28,000413.SZ,0.0
2024-06-28,000961.SZ,0.0
2024-07-01,000413.SZ,0.0
2024-07-01,000961.SZ,0.0
2024-07-02,000413.SZ,0.0
2024-07-02,000961.SZ,0.0
2024-07-03,000413.SZ,0.0
2024-07-03,000961.SZ,0.0
2024-07-04,000413.SZ,0.0
2024-07-04,000961.SZ,0.0
2024-07-05,000413.SZ,0.0
2024-07-05,000961.SZ,0.0
2024-07-08,000413.SZ,0.0
2024-07-08,000961.SZ,0.0
2024-07-09,000961.SZ,0.0
2024-07-18,600297.SH,0.0
2024-07-19,600297.SH,0.0
2024-07-22,600297.SH,0.0
2024-07-23,600297.SH,0.0
2024-07-24,600297.SH,0.0
2024-07-25,600297.SH,0.0
2024-07-26,600297.SH,0.0
2024-07-29,600297.SH,0.0
2024-07-30,600297.SH,0.0
2024-07-31,600297.SH,0.0
2024-08-01,600297.SH,0.0
2024-08-02,600297.SH,0.0
2024-08-05,600297.SH,0.0
2024-08-06,600297.SH,0.0
2024-08-07,600297.SH,0.0
2024-08-08,600297.SH,0.0
2024-08-09,600297.SH,0.0
2024-08-12,600297.SH,0.0
2024-08-13,600297.SH,0.0
2024-08-14,600297.SH,0.0
2024-08-15,000413.SZ,0.0
2024-08-15,600297.SH,0.0
2024-08-16,000413.SZ,0.0
2024-08-16,600297.SH,0.0
2024-08-19,000413.SZ,0.0
2024-08-19,600297.SH,0.0
2024-08-20,000413.SZ,0.0
2024-08-20,600297.SH,0.0
2024-08-21,000413.SZ,0.0
2024-08-21,600297.SH,0.0
2024-08-22,000413.SZ,0.0
2024-08-23,000413.SZ,0.0
2024-08-26,000413.SZ,0.0
2024-08-27,000413.SZ,0.0
2024-08-28,000413.SZ,0.0
2024-08-29,000413.SZ,0.0
2024-08-30,000413.SZ,0.0
2024-09-02,000413.SZ,0.0
2024-09-03,000413.SZ,0.0
2024-09-03,601989.SH,0.0
2024-09-04,000413.SZ,0.0
2024-09-04,601989.SH,0.0
2024-09-05,000413.SZ,0.0
2024-09-05,601989.SH,0.0
2024-09-06,000413.SZ,0.0
2024-09-06,600837.SH,0.0
2024-09-06,601989.SH,0.0
2024-09-09,000413.SZ,0.0
2024-09-09,600837.SH,0.0
2024-09-09,601989.SH,0.0
2024-09-10,000413.SZ,0.0
2024-09-10,600837.SH,0.0
2024-09-10,601989.SH,0.0
2024-09-11,000413.SZ,0.0
2024-09-11,600837.SH,0.0
2024-09-11,601989.SH,0.0
2024-09-12,000413.SZ,0.0
2024-09-12,600837.SH,0.0
2024-09-12,601989.SH,0.0
2024-09-13,000413.SZ,0.0
2024-09-13,600837.SH,0.0
2024-09-13,601989.SH,0.0
2024-09-18,000413.SZ,0.0
2024-09-18,600837.SH,0.0
2024-09-18,601989.SH,0.0
2024-09-19,000413.SZ,0.0
2024-09-19,600837.SH,0.0
2024-09-20,000413.SZ,0.0
2024-09-20,600837.SH,0.0
2024-09-23,000413.SZ,0.0
2024-09-23,600837.SH,0.0
2024-09-24,000413.SZ,0.0
2024-09-24,600837.SH,0.0
2024-09-25,000413.SZ,0.0
2024-09-25,600837.SH,0.0
2024-09-26,000413.SZ,0.0
2024-09-26,600837.SH,0.0
2024-09-27,000413.SZ,0.0
2024-09-27,600837.SH,0.0
2024-09-30,000413.SZ,0.0
2024-09-30,600837.SH,0.0
2024-10-08,000413.SZ,0.0
2024-10-08,600837.SH,0.0
2024-10-09,000413.SZ,0.0
2024-10-09,600837.SH,0.0
2024-10-10,000413.SZ,0.0
2024-11-15,600804.SH,0.0
2024-11-18,600804.SH,0.0
2024-11-19,600804.SH,0.0
2025-02-06,600837.SH,0.0
2025-02-07,600837.SH,0.0
2025-02-10,600837.SH,0.0
2025-02-11,600837.SH,0.0
2025-02-12,600837.SH,0.0
2025-02-13,600837.SH,0.0
2025-02-14,600837.SH,0.0
2025-02-17,600837.SH,0.0
2025-02-18,600837.SH,0.0
2025-02-19,600837.SH,0.0
2025-02-20,600837.SH,0.0
2025-02-21,600837.SH,0.0
2025-02-24,600837.SH,0.0
2025-02-25,600837.SH,0.0
2025-02-26,600837.SH,0.0
2025-02-27,600837.SH,0.0
2025-02-28,600837.SH,0.0
2025-03-03,600837.SH,0.0
2025-03-28,600705.SH,0.0
2025-04-03,600705.SH,0.0
2025-04-07,600705.SH,0.0
2025-04-08,600705.SH,0.0
2025-04-09,600705.SH,0.0
2025-04-10,600705.SH,0.0
2025-04-11,600705.SH,0.0
2025-04-14,600705.SH,0.0
2025-04-15,600705.SH,0.0
2025-04-16,600705.SH,0.0
2025-04-17,600705.SH,0.0
2025-04-18,600705.SH,0.0
2025-04-21,600705.SH,0.0
2025-04-22,600705.SH,0.0
2025-04-23,600705.SH,0.0
2025-04-24,600705.SH,0.0
2025-04-25,600705.SH,0.0
2025-04-28,600705.SH,0.0
2025-04-29,600705.SH,0.0
2025-04-30,600705.SH,0.0
2025-04-30,600804.SH,0.0
2025-05-06,000627.SZ,0.0
2025-05-06,600705.SH,0.0
2025-05-06,600804.SH,0.0
2025-05-07,000627.SZ,0.0
2025-05-07,600705.SH,0.0
2025-05-07,600804.SH,0.0
2025-05-08,000627.SZ,0.0
2025-05-08,600705.SH,0.0
2025-05-08,600804.SH,0.0
2025-05-09,000627.SZ,0.0
2025-05-09,600705.SH,0.0
2025-05-09,600804.SH,0.0
2025-05-12,000627.SZ,0.0
2025-05-12,600705.SH,0.0
2025-05-12,600804.SH,0.0
2025-05-13,000627.SZ,0.0
2025-05-13,600705.SH,0.0
2025-05-13,600804.SH,0.0
2025-05-14,000627.SZ,0.0
2025-05-14,600705.SH,0.0
2025-05-14,600804.SH,0.0
2025-05-15,000627.SZ,0.0
2025-05-15,600705.SH,0.0
2025-05-15,600804.SH,0.0
2025-05-16,000627.SZ,0.0
2025-05-16,600705.SH,0.0
2025-05-16,600804.SH,0.0
2025-05-19,000627.SZ,0.0
2025-05-19,600705.SH,0.0
2025-05-19,600804.SH,0.0
2025-05-20,000627.SZ,0.0
2025-05-20,600705.SH,0.0
2025-05-20,600804.SH,0.0
2025-05-21,000627.SZ,0.0
2025-05-21,600705.SH,0.0
2025-05-21,600804.SH,0.0
2025-05-22,000627.SZ,0.0
2025-05-22,600705.SH,0.0
2025-05-22,600804.SH,0.0
2025-05-23,000627.SZ,0.0
2025-05-23,600705.SH,0.0
2025-05-23,600804.SH,0.0
2025-05-26,000627.SZ,0.0
2025-05-26,600705.SH,0.0
2025-05-26,600804.SH,0.0
2025-05-27,000627.SZ,0.0
2025-05-27,600804.SH,0.0
2025-05-28,000627.SZ,0.0
2025-05-28,600804.SH,0.0
2025-05-29,000627.SZ,0.0
2025-05-29,600804.SH,0.0
2025-05-30,000627.SZ,0.0
2025-05-30,600804.SH,0.0
2025-06-03,000627.SZ,0.0
2025-06-03,600804.SH,0.0
2025-06-04,000627.SZ,0.0
2025-06-04,600804.SH,0.0
2025-06-05,000627.SZ,0.0
2025-06-05,600804.SH,0.0
2025-06-06,000627.SZ,0.0
2025-06-06,600804.SH,0.0
2025-06-09,000627.SZ,0.0
2025-06-09,600804.SH,0.0
2025-06-10,000627.SZ,0.0
2025-06-11,000627.SZ,0.0
2025-06-12,000627.SZ,0.0
2025-06-13,000627.SZ,0.0
2025-06-16,000627.SZ,0.0
2025-06-17,000627.SZ,0.0
2025-06-18,000627.SZ,0.0
2025-06-19,000627.SZ,0.0
2025-06-20,000627.SZ,0.0
2025-06-23,000627.SZ,0.0
2025-06-24,000627.SZ,0.0
2025-06-25,000627.SZ,0.0
2025-06-26,000627.SZ,0.0
2025-06-27,000627.SZ,0.0
2025-06-30,000627.SZ,0.0
2025-07-01,000627.SZ,0.0
2025-07-01,600804.SH,0.0
2025-07-02,000627.SZ,0.0
2025-07-02,600804.SH,0.0
2025-07-03,000627.SZ,0.0
2025-07-04,000627.SZ,0.0
2025-07-07,000627.SZ,0.0
2025-08-07,000627.SZ,0.0
2025-08-08,000627.SZ,0.0
2025-08-13,601989.SH,0.0
2025-08-14,000627.SZ,0.0
2025-08-14,601989.SH,0.0
2025-08-15,000627.SZ,0.0
2025-08-15,601989.SH,0.0
2025-08-18,000627.SZ,0.0
2025-08-18,601989.SH,0.0
2025-08-19,000627.SZ,0.0
2025-08-19,601989.SH,0.0
2025-08-20,000627.SZ,0.0
2025-08-20,601989.SH,0.0
2025-08-21,000627.SZ,0.0
2025-08-21,601989.SH,0.0
2025-08-22,000627.SZ,0.0
2025-08-22,601989.SH,0.0
2025-08-25,000627.SZ,0.0
2025-08-25,601989.SH,0.0
2025-08-26,000627.SZ,0.0
2025-08-26,601989.SH,0.0
2025-08-27,000627.SZ,0.0
2025-08-27,601989.SH,0.0
2025-08-28,000627.SZ,0.0
2025-08-28,601989.SH,0.0
2025-08-29,000627.SZ,0.0
2025-08-29,601989.SH,0.0
2025-09-01,000627.SZ,0.0
2025-09-01,601989.SH,0.0
2025-09-02,000627.SZ,0.0
2025-09-02,601989.SH,0.0
2025-09-03,000627.SZ,0.0
2025-09-03,601989.SH,0.0
2025-09-04,000627.SZ,0.0
2025-09-04,601989.SH,0.0
2025-09-05,000627.SZ,0.0
2025-09-08,000627.SZ,0.0
2025-09-09,000627.SZ,0.0
2025-09-10,000627.SZ,0.0
2025-09-11,000627.SZ,0.0
2025-09-12,000627.SZ,0.0
2025-09-15,000627.SZ,0.0
2025-09-16,000627.SZ,0.0
2025-09-17,000627.SZ,0.0
2025-09-18,000627.SZ,0.0
2025-09-19,000627.SZ,0.0
2025-09-22,000627.SZ,0.0
2025-09-23,000627.SZ,0.0
2025-09-24,000627.SZ,0.0
2025-09-25,000627.SZ,0.0
2025-09-26,000627.SZ,0.0
2025-09-29,000627.SZ,0.0
